{
    "$schema": "https://schema.management.azure.com/schemas/2015-01-01/deploymentParameters.json#",
    "contentVersion": "1.0.0.0",
    "parameters": {
        "collation": {
            "value": "SQL_Latin1_General_CP1_CI_AS"
        },
        "databaseName": {
            "value": "Week9950"
        },
        "tier": {
            "value": "GeneralPurpose"
        },
        "skuName": {
            "value": "GP_S_Gen5_1"
        },
        "location": {
            "value": "canadacentral"
        },
        "maxSizeBytes": {
            "value": 34359738368
        },
        "sampleName": {
            "value": ""
        },
        "serverName": {
            "value": "week9950"
        },
        "licenseType": {
            "value": ""
        },
        "readScaleOut": {
            "value": "Disabled"
        },
        "zoneRedundant": {
            "value": false
        },
        "minCapacity": {
            "value": "0.5"
        },
        "autoPauseDelay": {
            "value": 60
        },
        "numberOfReplicas": {
            "value": 0
        },
        "enableADS": {
            "value": false
        },
        "allowAzureIps": {
            "value": true
        },
        "allowClientIp": {
            "value": true
        },
        "clientIpValue": {
            "value": "69.166.117.246"
        },
        "databaseTags": {
            "value": {}
        },
        "serverTags": {
            "value": {}
        },
        "enableVA": {
            "value": false
        },
        "vaStoragelessEnabled": {
            "value": false
        },
        "enableSqlLedger": {
            "value": false
        },
        "enableDigestStorage": {
            "value": "Disabled"
        },
        "digestStorageOption": {
            "value": ""
        },
        "digestStorageName": {
            "value": ""
        },
        "blobStorageContainerName": {
            "value": ""
        },
        "retentionDays": {
            "value": ""
        },
        "retentionPolicy": {
            "value": false
        },
        "digestAccountResourceGroup": {
            "value": ""
        },
        "isNewDigestLocation": {
            "value": false
        },
        "digestRegion": {
            "value": ""
        },
        "storageAccountdigestRegion": {
            "value": ""
        },
        "isPermissionAssigned": {
            "value": false
        },
        "sqlLedgerTemplateLink": {
            "value": "https://sqlazureextension.hosting.portal.azure.net/sqlazureextension/Content/2.1.02851234/DeploymentTemplates/SqlLedger.json"
        },
        "useVAManagedIdentity": {
            "value": false
        },
        "enablePrivateEndpoint": {
            "value": false
        },
        "privateEndpointNestedTemplateId": {
            "value": "pe-549e19c7-326c-4e65-81b2-5d7470ede013"
        },
        "privateEndpointSubscriptionId": {
            "value": ""
        },
        "privateEndpointResourceGroup": {
            "value": ""
        },
        "privateEndpointName": {
            "value": ""
        },
        "privateEndpointLocation": {
            "value": ""
        },
        "privateEndpointSubnetId": {
            "value": ""
        },
        "privateLinkServiceName": {
            "value": ""
        },
        "privateLinkServiceServiceId": {
            "value": ""
        },
        "privateEndpointVnetSubscriptionId": {
            "value": ""
        },
        "privateEndpointVnetResourceGroup": {
            "value": ""
        },
        "privateEndpointVnetName": {
            "value": ""
        },
        "privateEndpointSubnetName": {
            "value": ""
        },
        "enablePrivateDnsZone": {
            "value": true
        },
        "privateLinkPrivateDnsZoneFQDN": {
            "value": "privatelink.database.windows.net"
        },
        "privateLinkPrivateDnsZoneRG": {
            "value": ""
        },
        "privateEndpointDnsRecordUniqueId": {
            "value": "549e19c7-326c-4e65-81b2-5d7470ede016"
        },
        "privateEndpointTemplateLink": {
            "value": "https://sqlazureextension.hosting.portal.azure.net/sqlazureextension/Content/2.1.02851234/DeploymentTemplates/PrivateEndpoint.json"
        },
        "privateDnsForPrivateEndpointTemplateLink": {
            "value": "https://sqlazureextension.hosting.portal.azure.net/sqlazureextension/Content/2.1.02851234/DeploymentTemplates/PrivateDnsForPrivateEndpoint.json"
        },
        "privateDnsForPrivateEndpointNicTemplateLink": {
            "value": "https://sqlazureextension.hosting.portal.azure.net/sqlazureextension/Content/2.1.02851234/DeploymentTemplates/PrivateDnsForPrivateEndpointNic.json"
        },
        "privateDnsForPrivateEndpointIpConfigTemplateLink": {
            "value": "https://sqlazureextension.hosting.portal.azure.net/sqlazureextension/Content/2.1.02851234/DeploymentTemplates/PrivateDnsForPrivateEndpointIpConfig.json"
        },
        "clientIpRuleName": {
            "value": "ClientIp-2024-11-5_8-28-50"
        },
        "minimalTlsVersion": {
            "value": "1.2"
        },
        "publicNetworkAccess": {
            "value": "Enabled"
        },
        "connectionType": {
            "value": "Default"
        },
        "requestedBackupStorageRedundancy": {
            "value": "Local"
        },
        "useFreeLimit": {
            "value": false
        },
        "freeLimitExhaustionBehavior": {
            "value": "AutoPause"
        },
        "maintenanceConfigurationId": {
            "value": "/subscriptions/4da19e99-e74b-4d85-9a1f-b8a353de4c00/providers/Microsoft.Maintenance/publicMaintenanceConfigurations/SQL_Default"
        },
        "administratorLogin": {
            "value": "azureuser"
        },
        "administratorLoginPassword": {
            "value": null
        },
        "identity": {
            "value": {
                "type": "None"
            }
        },
        "primaryUserAssignedIdentityId": {
            "value": ""
        },
        "federatedClientId": {
            "value": ""
        },
        "servicePrincipal": {
            "value": {
                "type": "None"
            }
        }
    }
}